track,frame_idx,instance.score,LeftPecBase.x,LeftPecBase.y,LeftPecBase.score,LeftPecTip.x,LeftPecTip.y,LeftPecTip.score,RightPecBase.x,RightPecBase.y,RightPecBase.score,RightPecTip.x,RightPecTip.y,RightPecTip.score
,153,,578.0975631314785,473.4894541677748,,586.1328042268308,379.37711630885536,,554.4879444643473,518.668055058452,,540.2117327112016,607.2880934765775,
,165,,588.2627483318809,445.817561122235,,,,,545.4522242862118,415.8867380321615,,498.9862593984587,371.7946363339229,
,174,,640.2181393561597,396.68583265362355,,671.9721459191175,487.2410259353471,,618.3027182224289,351.50723176294656,,,,
,175,,649.2538595342951,393.29743758682275,,,,,630.1621009562316,341.34204656254417,,612.497494136285,280.30796953030165,
