track,frame_idx,instance.score,LeftPecBase.x,LeftPecBase.y,LeftPecBase.score,LeftPecTip.x,LeftPecTip.y,LeftPecTip.score,RightPecBase.x,RightPecBase.y,RightPecBase.score,RightPecTip.x,RightPecTip.y,RightPecTip.score
,148,,547.1814606504533,355.44257234820225,,636.1683619871579,337.1305175214874,,491.61360872910996,382.6034617780533,,,,
,149,,547.1814606504533,355.44257234820225,,,,,491.61360872910996,382.6034617780533,,430.6521872902998,420.61243052476624,
,163,,573.6956622367366,321.8148044826724,,,,,549.1688268066515,269.43308915367413,,518.6017340155317,188.45149468389695,
,171,,626.0773775657351,298.53404211422867,,629.0547957079114,394.03904775546096,,608.0174205713286,243.5655754109589,,,,
,178,,673.9322779897584,286.89366093000683,,,,,679.1530833637954,235.15863344457645,,685.4471976560451,145.1234091648489,
