track,frame_idx,instance.score,LeftPecBase.x,LeftPecBase.y,LeftPecBase.score,LeftPecTip.x,LeftPecTip.y,LeftPecTip.score,RightPecBase.x,RightPecBase.y,RightPecBase.score,RightPecTip.x,RightPecTip.y,RightPecTip.score
,123,,476.8826311375676,557.927487933036,,569.9284422315761,517.9948404254179,,456.5678906653169,604.2666010963497,,531.1444176920348,653.6229408906686,
,151,,405.029145166658,397.7540921228832,,500.070886426525,389.7563272690028,,350.28460933334634,402.1786718031665,,277.6612866279924,438.0624829779396,
,161,,441.0901233746749,358.7372960289633,,,,,416.1993481889838,310.54831734017284,,351.2611519869776,263.07806413248073,
,163,,464.82930233600143,346.57820436584484,,459.54058088279686,438.3926939214765,,435.8854965959375,304.75827369106884,,,,
