track,frame_idx,instance.score,LeftPecBase.x,LeftPecBase.y,LeftPecBase.score,LeftPecTip.x,LeftPecTip.y,LeftPecTip.score,RightPecBase.x,RightPecBase.y,RightPecBase.score,RightPecTip.x,RightPecTip.y,RightPecTip.score
,232,,351.90202259777806,331.22746814479666,,301.84092549500724,277.8906240522312,,342.34150623748644,378.22877479682506,,,,
,234,,354.0881298839189,329.7700632873694,,,,,342.34150623748644,376.7713699393978,,292.62579084976164,443.82470299969253,
,247,,380.20263372379753,289.001576406778,,,,,343.6348154960322,279.7035104875415,,285.1505633202277,281.53162552507945,
,260,,453.29187056321746,235.8955391526676,,,,,445.4670106430892,185.8098466825938,,403.40730607164875,131.52075740522125,
,264,,495.44820941441856,221.11344630873995,,471.1324391731983,302.05056220106997,,479.9585606122537,175.6813756599026,,,,
