track,frame_idx,instance.score,LeftPecBase.x,LeftPecBase.y,LeftPecBase.score,LeftPecTip.x,LeftPecTip.y,LeftPecTip.score,RightPecBase.x,RightPecBase.y,RightPecBase.score,RightPecTip.x,RightPecTip.y,RightPecTip.score
,128,,313.05918635901776,523.8410383802636,,373.06361715631795,465.5972130442134,,276.8588761328816,564.9248888377847,,259.14481442148883,637.7200071378834,
,139,,331.07971911867645,453.110447298603,,,,,286.77016915069385,414.00292697564294,,233.91606855796664,413.81488759912384,
,142,,343.3504502247863,414.76441259200976,,387.6351103448233,485.5371510916419,,298.2739795626719,393.2960682340826,,,,
,152,,449.19327072364604,339.5120026419535,,,,,440.21348450911955,290.51228879010324,,380.75003919222286,254.74475274534632,
