track,frame_idx,instance.score,LeftPecBase.x,LeftPecBase.y,LeftPecBase.score,LeftPecTip.x,LeftPecTip.y,LeftPecTip.score,RightPecBase.x,RightPecBase.y,RightPecBase.score,RightPecTip.x,RightPecTip.y,RightPecTip.score
,201,,409.50667952412664,278.92514475716735,,493.20184417992937,218.7644725865389,,340.8960210619381,306.898460032424,,318.46631676328,371.31457815813667,
,214,,414.9701115997741,243.59495066798007,,493.20184417992937,310.1859026523741,,354.0082580434921,207.8282250606823,,,,
,220,,425.89697575106914,255.61450123440466,,,,,388.60999452259307,191.07370002869655,,321.38014720362537,130.55933802460248,
,234,,493.90419065046683,254.12800473387136,,489.8572270537295,356.6389182940393,,475.1984156786569,182.89796927576356,,,,
,235,,499.1069284023333,250.78338760767147,,,,,484.1173946818566,179.92497627469697,,445.1309808730213,117.55249364493622,
,247,,600.8378807874753,263.3786483791652,,,,,601.0272510736706,186.3840843626425,,552.9980859417117,106.24905449103154,
,248,,616.3397401985446,262.4097821659734,,575.1174538146105,357.28482910283384,,614.268422653959,180.8938424878888,,,,
