track,frame_idx,instance.score,LeftPecBase.x,LeftPecBase.y,LeftPecBase.score,LeftPecTip.x,LeftPecTip.y,LeftPecTip.score,RightPecBase.x,RightPecBase.y,RightPecBase.score,RightPecTip.x,RightPecTip.y,RightPecTip.score
,108,,539.6240936319928,564.4388421075641,,628.6140104667245,542.0434201240573,,509.428578629935,608.1420360285679,,554.3554742729784,686.9451893747332,
,134,,426.44288710700573,399.03297251968695,,495.65531560045406,341.96715884787454,,384.08031539327294,416.0809812748797,,321.45768621082345,467.4146690036846,
,145,,492.29480035610595,349.9943137171655,,,,,469.0806573176435,305.860757680641,,400.38657514059616,266.12265049047744,
,150,,548.338981844702,319.17001389843773,,550.7654273975734,388.6706434217046,,524.657803960501,273.16831847896,,,,
,158,,677.1460923358748,303.3024713016991,,,,,670.2658419070441,255.4340061649579,,615.9984774845158,197.98555581036433,
